<?xml version="1.0" encoding="utf-8" standalone="yes"?>
<rss version="2.0" xmlns:atom="http://www.w3.org/2005/Atom">
  <channel>
    <title>Gioca alla slot Power Sun online e vinci alla grande nel gioco del casinò italiano on Power Sun Slot</title>
    <link>https://powersun.it.com/about-us/</link>
    <description>Recent content in Gioca alla slot Power Sun online e vinci alla grande nel gioco del casinò italiano on Power Sun Slot</description>
    <generator>Hugo</generator>
    <language>it</language>
    <lastBuildDate></lastBuildDate>
    <atom:link href="https://powersun.it.com/about-us/index.xml" rel="self" type="application/rss+xml" />
  </channel>
</rss>
